RR_mean,RR_std,HR,QRS_duration,PR_interval,QT_interval,T_duration,R_amp,S_amp,R_S_ratio,Q_amp,QRS_area,T_amp,T_asymmetry,ST_elevation,VLF_power,LF_power,MF_power,HF_power,LF_HF_ratio,dominant_freq,spectral_entropy,mean,median,std,skew,kurt,zero_crossings
853.8181818181819,240.89145733063268,70.27257240204429,109.66666666666667,177.33333333333334,403.8181818181818,249.8181818181818,5.1374181624293955,-1.7123116091171213,3.0002822705139987,-0.7111851466328867,72.27302163686481,0.22772228726480329,1.5761308201712014,-0.15767612698698497,0.005366333307360479,0.31964237633104886,0.43486995013416435,0.12910044684045122,2.47591998442948,3.41796875,5.128916790942235,-1.7053025658242403e-17,-0.3497504092106484,1.0,2.202134548467038,5.745206742897738,113
