RR_mean,RR_std,HR,QRS_duration,PR_interval,QT_interval,T_duration,R_amp,S_amp,R_S_ratio,Q_amp,QRS_area,T_amp,T_asymmetry,ST_elevation,VLF_power,LF_power,MF_power,HF_power,LF_HF_ratio,dominant_freq,spectral_entropy,mean,median,std,skew,kurt,zero_crossings
853.8181818181819,240.89145733063268,70.27257240204429,109.66666666666667,177.33333333333334,403.8181818181818,249.8181818181818,5.137420449120119,-1.7123116766523643,3.0002834876206506,-0.7111849450702294,72.27300407509539,0.22772259696901462,1.5761213974554193,-0.15767705304725546,0.005366385262330816,0.31964235019909104,0.4348698365454405,0.12910041314589402,2.475920428216361,3.41796875,5.128916935747699,-5.115907697472721e-17,-0.34975165680064046,1.0,2.2021342842114042,5.745205421945805,113
